تاریخ,تاریخ شمسی,قیمت فروش,درصد
2018-03-21,1397-01-01,4773,-
2018-03-22,1397-01-02,4773,0.0%
2018-03-23,1397-01-03,4773,0.0%
2018-03-24,1397-01-04,4773,0.0%
2018-03-25,1397-01-05,4773,0.0%
2018-03-26,1397-01-06,4773,0.0%
2018-03-27,1397-01-07,4773,0.0%
2018-03-28,1397-01-08,4773,0.0%
2018-03-29,1397-01-09,4773,0.0%
2018-03-30,1397-01-10,4773,0.0%
2018-03-31,1397-01-11,4773,0.0%
2018-04-01,1397-01-12,4773,0.0%
2018-04-02,1397-01-13,4773,0.0%
2018-04-03,1397-01-14,5120,7.3%
2018-04-04,1397-01-15,5120,0.0%
2018-04-05,1397-01-16,5130,0.2%
2018-04-06,1397-01-17,5130,0.0%
2018-04-07,1397-01-18,5280,2.9%
2018-04-08,1397-01-19,5750,8.9%
2018-04-09,1397-01-20,6100,6.1%
2018-04-10,1397-01-21,6100,0.0%
2018-04-11,1397-01-22,6100,0.0%
2018-04-12,1397-01-23,5500,-9.8%
2018-04-13,1397-01-24,5500,0.0%
2018-04-14,1397-01-25,5500,0.0%
2018-04-15,1397-01-26,5600,1.8%
2018-04-16,1397-01-27,5650,0.9%
2018-04-17,1397-01-28,5650,0.0%
2018-04-18,1397-01-29,5800,2.7%
2018-04-19,1397-01-30,5800,0.0%
2018-04-20,1397-01-31,5800,0.0%
2018-04-21,1397-02-01,5600,-3.4%
2018-04-22,1397-02-02,5600,0.0%
2018-04-23,1397-02-03,5600,0.0%
2018-04-24,1397-02-04,5600,0.0%
2018-04-25,1397-02-05,5600,0.0%
2018-04-26,1397-02-06,5650,0.9%
2018-04-27,1397-02-07,5650,0.0%
2018-04-28,1397-02-08,5680,0.5%
2018-04-29,1397-02-09,5700,0.4%
2018-04-30,1397-02-10,5750,0.9%
2018-05-01,1397-02-11,6050,5.2%
2018-05-02,1397-02-12,6050,0.0%
2018-05-03,1397-02-13,6140,1.5%
2018-05-04,1397-02-14,6140,0.0%
2018-05-05,1397-02-15,6400,4.2%
2018-05-06,1397-02-16,6780,5.9%
2018-05-07,1397-02-17,6500,-4.1%
2018-05-08,1397-02-18,6450,-0.8%
2018-05-09,1397-02-19,6730,4.3%
2018-05-10,1397-02-20,6630,-1.5%
2018-05-11,1397-02-21,6630,0.0%
2018-05-12,1397-02-22,6650,0.3%
2018-05-13,1397-02-23,6550,-1.5%
2018-05-14,1397-02-24,6400,-2.3%
2018-05-15,1397-02-25,6400,0.0%
2018-05-16,1397-02-26,6300,-1.6%
2018-05-17,1397-02-27,6340,0.6%
2018-05-18,1397-02-28,6340,0.0%
2018-05-19,1397-02-29,6250,-1.4%
2018-05-20,1397-02-30,6220,-0.5%
2018-05-21,1397-02-31,6400,2.9%
2018-05-22,1397-03-01,6420,0.3%
2018-05-23,1397-03-02,6380,-0.6%
2018-05-24,1397-03-03,6380,0.0%
2018-05-25,1397-03-04,6380,0.0%
2018-05-26,1397-03-05,6380,0.0%
2018-05-27,1397-03-06,6420,0.6%
2018-05-28,1397-03-07,6420,0.0%
2018-05-29,1397-03-08,6500,1.2%
2018-05-30,1397-03-09,6510,0.2%
2018-05-31,1397-03-10,6500,-0.2%
2018-06-01,1397-03-11,6500,0.0%
2018-06-02,1397-03-12,6450,-0.8%
2018-06-03,1397-03-13,6450,0.0%
2018-06-04,1397-03-14,6450,0.0%
2018-06-05,1397-03-15,6450,0.0%
2018-06-06,1397-03-16,6450,0.0%
2018-06-07,1397-03-17,6520,1.1%
2018-06-08,1397-03-18,6520,0.0%
2018-06-09,1397-03-19,6530,0.2%
2018-06-10,1397-03-20,6700,2.6%
2018-06-11,1397-03-21,6900,3.0%
2018-06-12,1397-03-22,7200,4.3%
2018-06-13,1397-03-23,7250,0.7%
2018-06-14,1397-03-24,7000,-3.4%
2018-06-15,1397-03-25,7000,0.0%
2018-06-16,1397-03-26,7000,0.0%
2018-06-17,1397-03-27,7100,1.4%
2018-06-18,1397-03-28,7130,0.4%
2018-06-19,1397-03-29,7250,1.7%
2018-06-20,1397-03-30,7330,1.1%
2018-06-21,1397-03-31,7550,3.0%
2018-06-22,1397-04-01,7550,0.0%
2018-06-23,1397-04-02,7800,3.3%
2018-06-24,1397-04-03,9000,15.4%
2018-06-25,1397-04-04,8600,-4.4%
2018-06-26,1397-04-05,7950,-7.6%
2018-06-27,1397-04-06,7900,-0.6%
2018-06-28,1397-04-07,8500,7.6%
2018-06-29,1397-04-08,8500,0.0%
2018-06-30,1397-04-09,8000,-5.9%
2018-07-01,1397-04-10,8300,3.8%
2018-07-02,1397-04-11,8360,0.7%
2018-07-03,1397-04-12,8300,-0.7%
2018-07-04,1397-04-13,8100,-2.4%
2018-07-05,1397-04-14,7950,-1.9%
2018-07-06,1397-04-15,7950,0.0%
2018-07-07,1397-04-16,8120,2.1%
2018-07-08,1397-04-17,8100,-0.2%
2018-07-09,1397-04-18,8100,0.0%
2018-07-10,1397-04-19,8000,-1.2%
2018-07-11,1397-04-20,7830,-2.1%
2018-07-12,1397-04-21,7910,1.0%
2018-07-13,1397-04-22,7910,0.0%
2018-07-14,1397-04-23,8000,1.1%
2018-07-15,1397-04-24,8250,3.1%
2018-07-16,1397-04-25,8050,-2.4%
2018-07-17,1397-04-26,8170,1.5%
2018-07-18,1397-04-27,8200,0.4%
2018-07-19,1397-04-28,8350,1.8%
2018-07-20,1397-04-29,8350,0.0%
2018-07-21,1397-04-30,8500,1.8%
2018-07-22,1397-04-31,9050,6.5%
2018-07-23,1397-05-01,9500,5.0%
2018-07-24,1397-05-02,9500,0.0%
2018-07-25,1397-05-03,9300,-2.1%
2018-07-26,1397-05-04,9300,0.0%
2018-07-27,1397-05-05,9300,0.0%
2018-07-28,1397-05-06,9800,5.4%
2018-07-29,1397-05-07,11200,14.3%
2018-07-30,1397-05-08,11900,6.3%
2018-07-31,1397-05-09,10700,-10.1%
2018-08-01,1397-05-10,10650,-0.5%
2018-08-02,1397-05-11,10700,0.5%
2018-08-03,1397-05-12,10700,0.0%
2018-08-04,1397-05-13,10300,-3.7%
2018-08-05,1397-05-14,9850,-4.4%
2018-08-06,1397-05-15,9600,-2.5%
2018-08-07,1397-05-16,9400,-2.1%
2018-08-08,1397-05-17,9950,5.9%
2018-08-09,1397-05-18,10600,6.5%
2018-08-10,1397-05-19,10600,0.0%
2018-08-11,1397-05-20,10550,-0.5%
2018-08-12,1397-05-21,10400,-1.4%
2018-08-13,1397-05-22,10500,1.0%
2018-08-14,1397-05-23,10700,1.9%
2018-08-15,1397-05-24,10620,-0.7%
2018-08-16,1397-05-25,10540,-0.8%
2018-08-17,1397-05-26,10540,0.0%
2018-08-18,1397-05-27,10470,-0.7%
2018-08-19,1397-05-28,10430,-0.4%
2018-08-20,1397-05-29,10510,0.8%
2018-08-21,1397-05-30,10600,0.9%
2018-08-22,1397-05-31,10600,0.0%
2018-08-23,1397-06-01,10540,-0.6%
2018-08-24,1397-06-02,10540,0.0%
2018-08-25,1397-06-03,10480,-0.6%
2018-08-26,1397-06-04,10550,0.7%
2018-08-27,1397-06-05,10750,1.9%
2018-08-28,1397-06-06,10920,1.6%
2018-08-29,1397-06-07,10960,0.4%
2018-08-30,1397-06-08,10960,0.0%
2018-08-31,1397-06-09,10960,0.0%
2018-09-01,1397-06-10,11200,2.2%
2018-09-02,1397-06-11,11750,4.9%
2018-09-03,1397-06-12,13000,10.6%
2018-09-04,1397-06-13,13850,6.5%
2018-09-05,1397-06-14,14000,1.1%
2018-09-06,1397-06-15,13700,-2.1%
2018-09-07,1397-06-16,13700,0.0%
2018-09-08,1397-06-17,13100,-4.4%
2018-09-09,1397-06-18,12720,-2.9%
2018-09-10,1397-06-19,13700,7.7%
2018-09-11,1397-06-20,13800,0.7%
2018-09-12,1397-06-21,13700,-0.7%
2018-09-13,1397-06-22,13820,0.9%
2018-09-14,1397-06-23,13820,0.0%
2018-09-15,1397-06-24,13760,-0.4%
2018-09-16,1397-06-25,14300,3.9%
2018-09-17,1397-06-26,14350,0.3%
2018-09-18,1397-06-27,14530,1.3%
2018-09-19,1397-06-28,14530,0.0%
2018-09-20,1397-06-29,14530,0.0%
2018-09-21,1397-06-30,14530,0.0%
2018-09-22,1397-06-31,14500,-0.2%
2018-09-23,1397-07-01,14900,2.8%
2018-09-24,1397-07-02,16000,7.4%
2018-09-25,1397-07-03,17000,6.3%
2018-09-26,1397-07-04,19000,11.8%
2018-09-27,1397-07-05,17700,-6.8%
2018-09-28,1397-07-06,17700,0.0%
2018-09-29,1397-07-07,17500,-1.1%
2018-09-30,1397-07-08,17200,-1.7%
2018-10-01,1397-07-09,15650,-9.0%
2018-10-02,1397-07-10,15000,-4.2%
2018-10-03,1397-07-11,14700,-2.0%
2018-10-04,1397-07-12,14100,-4.1%
2018-10-05,1397-07-13,14100,0.0%
2018-10-06,1397-07-14,13350,-5.3%
2018-10-07,1397-07-15,13400,0.4%
2018-10-08,1397-07-16,14200,6.0%
2018-10-09,1397-07-17,14950,5.3%
2018-10-10,1397-07-18,14700,-1.7%
2018-10-11,1397-07-19,14500,-1.4%
2018-10-12,1397-07-20,14500,0.0%
2018-10-13,1397-07-21,14200,-2.1%
2018-10-14,1397-07-22,13800,-2.8%
2018-10-15,1397-07-23,14150,2.5%
2018-10-16,1397-07-24,14250,0.7%
2018-10-17,1397-07-25,14000,-1.8%
2018-10-18,1397-07-26,13950,-0.4%
2018-10-19,1397-07-27,13950,0.0%
2018-10-20,1397-07-28,13600,-2.5%
2018-10-21,1397-07-29,14000,2.9%
2018-10-22,1397-07-30,14000,0.0%
2018-10-23,1397-08-01,13850,-1.1%
2018-10-24,1397-08-02,13800,-0.4%
2018-10-25,1397-08-03,13800,0.0%
2018-10-26,1397-08-04,13800,0.0%
2018-10-27,1397-08-05,14200,2.9%
2018-10-28,1397-08-06,14550,2.5%
2018-10-29,1397-08-07,14800,1.7%
2018-10-30,1397-08-08,14800,0.0%
2018-10-31,1397-08-09,15250,3.0%
2018-11-01,1397-08-10,14450,-5.2%
2018-11-02,1397-08-11,14450,0.0%
2018-11-03,1397-08-12,14450,0.0%
2018-11-04,1397-08-13,14900,3.1%
2018-11-05,1397-08-14,14850,-0.3%
2018-11-06,1397-08-15,14650,-1.3%
2018-11-07,1397-08-16,14650,0.0%
2018-11-08,1397-08-17,14650,0.0%
2018-11-09,1397-08-18,14650,0.0%
2018-11-10,1397-08-19,14400,-1.7%
2018-11-11,1397-08-20,14050,-2.4%
2018-11-12,1397-08-21,13850,-1.4%
2018-11-13,1397-08-22,13500,-2.5%
2018-11-14,1397-08-23,13000,-3.7%
2018-11-15,1397-08-24,12550,-3.5%
2018-11-16,1397-08-25,12550,0.0%
2018-11-17,1397-08-26,12950,3.2%
2018-11-18,1397-08-27,13500,4.2%
2018-11-19,1397-08-28,13150,-2.6%
2018-11-20,1397-08-29,13200,0.4%
2018-11-21,1397-08-30,13100,-0.8%
2018-11-22,1397-09-01,12800,-2.3%
2018-11-23,1397-09-02,12800,0.0%
2018-11-24,1397-09-03,12700,-0.8%
2018-11-25,1397-09-04,12700,0.0%
2018-11-26,1397-09-05,12500,-1.6%
2018-11-27,1397-09-06,12200,-2.4%
2018-11-28,1397-09-07,11600,-4.9%
2018-11-29,1397-09-08,11700,0.9%
2018-11-30,1397-09-09,11700,0.0%
2018-12-01,1397-09-10,11500,-1.7%
2018-12-02,1397-09-11,12200,6.1%
2018-12-03,1397-09-12,11600,-4.9%
2018-12-04,1397-09-13,11700,0.9%
2018-12-05,1397-09-14,11600,-0.9%
2018-12-06,1397-09-15,11800,1.7%
2018-12-07,1397-09-16,11800,0.0%
2018-12-08,1397-09-17,11700,-0.8%
2018-12-09,1397-09-18,11400,-2.6%
2018-12-10,1397-09-19,11100,-2.6%
2018-12-11,1397-09-20,10600,-4.5%
2018-12-12,1397-09-21,10550,-0.5%
2018-12-13,1397-09-22,10750,1.9%
2018-12-14,1397-09-23,10750,0.0%
2018-12-15,1397-09-24,10350,-3.7%
2018-12-16,1397-09-25,10250,-1.0%
2018-12-17,1397-09-26,10300,0.5%
2018-12-18,1397-09-27,10300,0.0%
2018-12-19,1397-09-28,10300,0.0%
2018-12-20,1397-09-29,10350,0.5%
2018-12-21,1397-09-30,10350,0.0%
2018-12-22,1397-10-01,10400,0.5%
2018-12-23,1397-10-02,10600,1.9%
2018-12-24,1397-10-03,10750,1.4%
2018-12-25,1397-10-04,12000,11.6%
2018-12-26,1397-10-05,11800,-1.7%
2018-12-27,1397-10-06,11350,-3.8%
2018-12-28,1397-10-07,11350,0.0%
2018-12-29,1397-10-08,11000,-3.1%
2018-12-30,1397-10-09,11200,1.8%
2018-12-31,1397-10-10,11400,1.8%
2019-01-01,1397-10-11,11200,-1.8%
2019-01-02,1397-10-12,11000,-1.8%
2019-01-03,1397-10-13,11200,1.8%
2019-01-04,1397-10-14,11200,0.0%
2019-01-05,1397-10-15,11000,-1.8%
2019-01-06,1397-10-16,11000,0.0%
2019-01-07,1397-10-17,11350,3.2%
2019-01-08,1397-10-18,11300,-0.4%
2019-01-09,1397-10-19,11300,0.0%
2019-01-10,1397-10-20,11500,1.8%
2019-01-11,1397-10-21,11500,0.0%
2019-01-12,1397-10-22,12000,4.3%
2019-01-13,1397-10-23,11600,-3.3%
2019-01-14,1397-10-24,11600,0.0%
2019-01-15,1397-10-25,11700,0.9%
2019-01-16,1397-10-26,11900,1.7%
2019-01-17,1397-10-27,11900,0.0%
2019-01-18,1397-10-28,11900,0.0%
2019-01-19,1397-10-29,11900,0.0%
2019-01-20,1397-10-30,12200,2.5%
2019-01-21,1397-11-01,12200,0.0%
2019-01-22,1397-11-02,12000,-1.6%
2019-01-23,1397-11-03,12000,0.0%
2019-01-24,1397-11-04,12000,0.0%
2019-01-25,1397-11-05,12000,0.0%
2019-01-26,1397-11-06,12200,1.7%
2019-01-27,1397-11-07,12300,0.8%
2019-01-28,1397-11-08,12300,0.0%
2019-01-29,1397-11-09,12500,1.6%
2019-01-30,1397-11-10,12200,-2.4%
2019-01-31,1397-11-11,12200,0.0%
2019-02-01,1397-11-12,12200,0.0%
2019-02-02,1397-11-13,11300,-7.4%
2019-02-03,1397-11-14,11700,3.5%
2019-02-04,1397-11-15,11900,1.7%
2019-02-05,1397-11-16,12200,2.5%
2019-02-06,1397-11-17,12150,-0.4%
2019-02-07,1397-11-18,12100,-0.4%
2019-02-08,1397-11-19,12100,0.0%
2019-02-09,1397-11-20,12100,0.0%
2019-02-10,1397-11-21,12250,1.2%
2019-02-11,1397-11-22,12250,0.0%
2019-02-12,1397-11-23,12250,0.0%
2019-02-13,1397-11-24,12450,1.6%
2019-02-14,1397-11-25,12300,-1.2%
2019-02-15,1397-11-26,12300,0.0%
2019-02-16,1397-11-27,12400,0.8%
2019-02-17,1397-11-28,12700,2.4%
2019-02-18,1397-11-29,13100,3.1%
2019-02-19,1397-11-30,13300,1.5%
2019-02-20,1397-12-01,13850,4.1%
2019-02-21,1397-12-02,13550,-2.2%
2019-02-22,1397-12-03,13550,0.0%
2019-02-23,1397-12-04,13800,1.8%
2019-02-24,1397-12-05,13950,1.1%
2019-02-25,1397-12-06,13650,-2.2%
2019-02-26,1397-12-07,13750,0.7%
2019-02-27,1397-12-08,13600,-1.1%
2019-02-28,1397-12-09,13550,-0.4%
2019-03-01,1397-12-10,13550,0.0%
2019-03-02,1397-12-11,13650,0.7%
2019-03-03,1397-12-12,13350,-2.2%
2019-03-04,1397-12-13,12950,-3.0%
2019-03-05,1397-12-14,13450,3.9%
2019-03-06,1397-12-15,13300,-1.1%
2019-03-07,1397-12-16,13250,-0.4%
2019-03-08,1397-12-17,13250,0.0%
2019-03-09,1397-12-18,13350,0.8%
2019-03-10,1397-12-19,13200,-1.1%
2019-03-11,1397-12-20,13100,-0.8%
2019-03-12,1397-12-21,13000,-0.8%
2019-03-13,1397-12-22,13300,2.3%
2019-03-14,1397-12-23,13300,0.0%
2019-03-15,1397-12-24,13300,0.0%
2019-03-16,1397-12-25,13150,-1.1%
2019-03-17,1397-12-26,13050,-0.8%
2019-03-18,1397-12-27,13250,1.5%
2019-03-19,1397-12-28,13500,1.9%
2019-03-20,1397-12-29,13500,0.0%
2019-03-21,1398-01-01,13500,0.0%
2019-03-22,1398-01-02,13500,0.0%
2019-03-23,1398-01-03,13500,0.0%
2019-03-24,1398-01-04,13500,0.0%
2019-03-25,1398-01-05,13350,-1.1%
2019-03-26,1398-01-06,13400,0.4%
2019-03-27,1398-01-07,13650,1.9%
2019-03-28,1398-01-08,13550,-0.7%
2019-03-29,1398-01-09,13550,0.0%
2019-03-30,1398-01-10,13450,-0.7%
2019-03-31,1398-01-11,13600,1.1%
2019-04-01,1398-01-12,13600,0.0%
2019-04-02,1398-01-13,13600,0.0%
2019-04-03,1398-01-14,13600,0.0%
2019-04-04,1398-01-15,13500,-0.7%
2019-04-05,1398-01-16,13500,0.0%
2019-04-06,1398-01-17,13600,0.7%
2019-04-07,1398-01-18,13800,1.5%
2019-04-08,1398-01-19,14350,4.0%
2019-04-09,1398-01-20,14350,0.0%
2019-04-10,1398-01-21,14000,-2.4%
2019-04-11,1398-01-22,13950,-0.4%
2019-04-12,1398-01-23,13950,0.0%
2019-04-13,1398-01-24,13850,-0.7%
2019-04-14,1398-01-25,13800,-0.4%
2019-04-15,1398-01-26,13900,0.7%
2019-04-16,1398-01-27,13650,-1.8%
2019-04-17,1398-01-28,13700,0.4%
2019-04-18,1398-01-29,13700,0.0%
2019-04-19,1398-01-30,13700,0.0%
2019-04-20,1398-01-31,13700,0.0%
2019-04-21,1398-02-01,13700,0.0%
2019-04-22,1398-02-02,14050,2.6%
2019-04-23,1398-02-03,14000,-0.4%
2019-04-24,1398-02-04,14150,1.1%
2019-04-25,1398-02-05,14150,0.0%
2019-04-26,1398-02-06,14150,0.0%
2019-04-27,1398-02-07,14350,1.4%
2019-04-28,1398-02-08,14400,0.3%
2019-04-29,1398-02-09,14400,0.0%
2019-04-30,1398-02-10,14350,-0.3%
2019-05-01,1398-02-11,14600,1.7%
2019-05-02,1398-02-12,14700,0.7%
2019-05-03,1398-02-13,14700,0.0%
2019-05-04,1398-02-14,14950,1.7%
2019-05-05,1398-02-15,14800,-1.0%
2019-05-06,1398-02-16,15050,1.7%
2019-05-07,1398-02-17,15300,1.7%
2019-05-08,1398-02-18,15500,1.3%
2019-05-09,1398-02-19,15650,1.0%
2019-05-10,1398-02-20,15650,0.0%
2019-05-11,1398-02-21,15200,-2.9%
2019-05-12,1398-02-22,14900,-2.0%
2019-05-13,1398-02-23,15100,1.3%
2019-05-14,1398-02-24,15200,0.7%
2019-05-15,1398-02-25,14900,-2.0%
2019-05-16,1398-02-26,14750,-1.0%
2019-05-17,1398-02-27,14750,0.0%
2019-05-18,1398-02-28,14650,-0.7%
2019-05-19,1398-02-29,14450,-1.4%
2019-05-20,1398-02-30,14100,-2.4%
2019-05-21,1398-02-31,14300,1.4%
2019-05-22,1398-03-01,14450,1.0%
2019-05-23,1398-03-02,14200,-1.7%
2019-05-24,1398-03-03,14200,0.0%
2019-05-25,1398-03-04,14200,0.0%
2019-05-26,1398-03-05,14250,0.4%
2019-05-27,1398-03-06,14250,0.0%
2019-05-28,1398-03-07,13750,-3.5%
2019-05-29,1398-03-08,13700,-0.4%
2019-05-30,1398-03-09,13800,0.7%
2019-05-31,1398-03-10,13800,0.0%
2019-06-01,1398-03-11,13700,-0.7%
2019-06-02,1398-03-12,13450,-1.8%
2019-06-03,1398-03-13,13350,-0.7%
2019-06-04,1398-03-14,13350,0.0%
2019-06-05,1398-03-15,13350,0.0%
2019-06-06,1398-03-16,13350,0.0%
2019-06-07,1398-03-17,13350,0.0%
2019-06-08,1398-03-18,13150,-1.5%
2019-06-09,1398-03-19,12850,-2.3%
2019-06-10,1398-03-20,13200,2.7%
2019-06-11,1398-03-21,13150,-0.4%
2019-06-12,1398-03-22,13150,0.0%
2019-06-13,1398-03-23,13650,3.8%
2019-06-14,1398-03-24,13650,0.0%
2019-06-15,1398-03-25,13600,-0.4%
2019-06-16,1398-03-26,13750,1.1%
2019-06-17,1398-03-27,13550,-1.5%
2019-06-18,1398-03-28,13300,-1.8%
2019-06-19,1398-03-29,13400,0.8%
2019-06-20,1398-03-30,13450,0.4%
2019-06-21,1398-03-31,13450,0.0%
2019-06-22,1398-04-01,13200,-1.9%
2019-06-23,1398-04-02,13400,1.5%
2019-06-24,1398-04-03,13400,0.0%
2019-06-25,1398-04-04,13300,-0.7%
2019-06-26,1398-04-05,13250,-0.4%
2019-06-27,1398-04-06,13250,0.0%
2019-06-28,1398-04-07,13250,0.0%
2019-06-29,1398-04-08,13250,0.0%
2019-06-30,1398-04-09,12950,-2.3%
2019-07-01,1398-04-10,13050,0.8%
2019-07-02,1398-04-11,13000,-0.4%
2019-07-03,1398-04-12,13050,0.4%
2019-07-04,1398-04-13,13150,0.8%
2019-07-05,1398-04-14,13150,0.0%
2019-07-06,1398-04-15,13300,1.1%
2019-07-07,1398-04-16,13050,-1.9%
2019-07-08,1398-04-17,12950,-0.8%
2019-07-09,1398-04-18,12950,0.0%
2019-07-10,1398-04-19,13000,0.4%
2019-07-11,1398-04-20,12950,-0.4%
2019-07-12,1398-04-21,12950,0.0%
2019-07-13,1398-04-22,12650,-2.3%
2019-07-14,1398-04-23,12550,-0.8%
2019-07-15,1398-04-24,12250,-2.4%
2019-07-16,1398-04-25,11900,-2.9%
2019-07-17,1398-04-26,11900,0.0%
2019-07-18,1398-04-27,12000,0.8%
2019-07-19,1398-04-28,12000,0.0%
2019-07-20,1398-04-29,11950,-0.4%
2019-07-21,1398-04-30,12150,1.7%
2019-07-22,1398-04-31,12350,1.6%
2019-07-23,1398-05-01,12650,2.4%
2019-07-24,1398-05-02,12100,-4.3%
2019-07-25,1398-05-03,11950,-1.2%
2019-07-26,1398-05-04,11950,0.0%
2019-07-27,1398-05-05,12300,2.9%
2019-07-28,1398-05-06,12100,-1.6%
2019-07-29,1398-05-07,12150,0.4%
2019-07-30,1398-05-08,12100,-0.4%
2019-07-31,1398-05-09,12000,-0.8%
2019-08-01,1398-05-10,12100,0.8%
2019-08-02,1398-05-11,12100,0.0%
2019-08-03,1398-05-12,12030,-0.6%
2019-08-04,1398-05-13,11950,-0.7%
2019-08-05,1398-05-14,12030,0.7%
2019-08-06,1398-05-15,12000,-0.2%
2019-08-07,1398-05-16,12030,0.2%
2019-08-08,1398-05-17,11980,-0.4%
2019-08-09,1398-05-18,11980,0.0%
2019-08-10,1398-05-19,11850,-1.1%
2019-08-11,1398-05-20,11800,-0.4%
2019-08-12,1398-05-21,11800,0.0%
2019-08-13,1398-05-22,11800,0.0%
2019-08-14,1398-05-23,11750,-0.4%
2019-08-15,1398-05-24,11780,0.3%
2019-08-16,1398-05-25,11780,0.0%
2019-08-17,1398-05-26,11850,0.6%
2019-08-18,1398-05-27,11780,-0.6%
2019-08-19,1398-05-28,11750,-0.3%
2019-08-20,1398-05-29,11750,0.0%
2019-08-21,1398-05-30,11750,0.0%
2019-08-22,1398-05-31,11730,-0.2%
2019-08-23,1398-06-01,11730,0.0%
2019-08-24,1398-06-02,11660,-0.6%
2019-08-25,1398-06-03,11400,-2.2%
2019-08-26,1398-06-04,11200,-1.8%
2019-08-27,1398-06-05,11280,0.7%
2019-08-28,1398-06-06,11300,0.2%
2019-08-29,1398-06-07,11360,0.5%
2019-08-30,1398-06-08,11360,0.0%
2019-08-31,1398-06-09,11570,1.8%
2019-09-01,1398-06-10,11400,-1.5%
2019-09-02,1398-06-11,11400,0.0%
2019-09-03,1398-06-12,11520,1.1%
2019-09-04,1398-06-13,11480,-0.3%
2019-09-05,1398-06-14,11530,0.4%
2019-09-06,1398-06-15,11530,0.0%
2019-09-07,1398-06-16,11680,1.3%
2019-09-08,1398-06-17,11700,0.2%
2019-09-09,1398-06-18,11700,0.0%
2019-09-10,1398-06-19,11700,0.0%
2019-09-11,1398-06-20,11630,-0.6%
2019-09-12,1398-06-21,11500,-1.1%
2019-09-13,1398-06-22,11500,0.0%
2019-09-14,1398-06-23,11400,-0.9%
2019-09-15,1398-06-24,11380,-0.2%
2019-09-16,1398-06-25,11550,1.5%
2019-09-17,1398-06-26,11500,-0.4%
2019-09-18,1398-06-27,11600,0.9%
2019-09-19,1398-06-28,11620,0.2%
2019-09-20,1398-06-29,11620,0.0%
2019-09-21,1398-06-30,11600,-0.2%
2019-09-22,1398-06-31,11500,-0.9%
2019-09-23,1398-07-01,11450,-0.4%
2019-09-24,1398-07-02,11520,0.6%
2019-09-25,1398-07-03,11500,-0.2%
2019-09-26,1398-07-04,11540,0.3%
2019-09-27,1398-07-05,11540,0.0%
2019-09-28,1398-07-06,11540,0.0%
2019-09-29,1398-07-07,11580,0.3%
2019-09-30,1398-07-08,11650,0.6%
2019-10-01,1398-07-09,11580,-0.6%
2019-10-02,1398-07-10,11620,0.3%
2019-10-03,1398-07-11,11650,0.3%
2019-10-04,1398-07-12,11650,0.0%
2019-10-05,1398-07-13,11580,-0.6%
2019-10-06,1398-07-14,11540,-0.3%
2019-10-07,1398-07-15,11550,0.1%
2019-10-08,1398-07-16,11570,0.2%
2019-10-09,1398-07-17,11580,0.1%
2019-10-10,1398-07-18,11570,-0.1%
2019-10-11,1398-07-19,11570,0.0%
2019-10-12,1398-07-20,11580,0.1%
2019-10-13,1398-07-21,11490,-0.8%
2019-10-14,1398-07-22,11470,-0.2%
2019-10-15,1398-07-23,11500,0.3%
2019-10-16,1398-07-24,11500,0.0%
2019-10-17,1398-07-25,11500,0.0%
2019-10-18,1398-07-26,11500,0.0%
2019-10-19,1398-07-27,11500,0.0%
2019-10-20,1398-07-28,11460,-0.3%
2019-10-21,1398-07-29,11420,-0.3%
2019-10-22,1398-07-30,11400,-0.2%
2019-10-23,1398-08-01,11290,-1.0%
2019-10-24,1398-08-02,11270,-0.2%
2019-10-25,1398-08-03,11270,0.0%
2019-10-26,1398-08-04,11300,0.3%
2019-10-27,1398-08-05,11300,0.0%
2019-10-28,1398-08-06,11350,0.4%
2019-10-29,1398-08-07,11350,0.0%
2019-10-30,1398-08-08,11300,-0.4%
2019-10-31,1398-08-09,11350,0.4%
2019-11-01,1398-08-10,11350,0.0%
2019-11-02,1398-08-11,11400,0.4%
2019-11-03,1398-08-12,11420,0.2%
2019-11-04,1398-08-13,11420,0.0%
2019-11-05,1398-08-14,11500,0.7%
2019-11-06,1398-08-15,11500,0.0%
2019-11-07,1398-08-16,11510,0.1%
2019-11-08,1398-08-17,11510,0.0%
2019-11-09,1398-08-18,11480,-0.3%
2019-11-10,1398-08-19,11530,0.4%
2019-11-11,1398-08-20,11560,0.3%
2019-11-12,1398-08-21,11580,0.2%
2019-11-13,1398-08-22,11810,2.0%
2019-11-14,1398-08-23,11840,0.3%
2019-11-15,1398-08-24,11840,0.0%
2019-11-16,1398-08-25,12380,4.6%
2019-11-17,1398-08-26,12380,0.0%
2019-11-18,1398-08-27,12380,0.0%
2019-11-19,1398-08-28,12380,0.0%
2019-11-20,1398-08-29,12380,0.0%
2019-11-21,1398-08-30,11950,-3.5%
2019-11-22,1398-09-01,11950,0.0%
2019-11-23,1398-09-02,12080,1.1%
2019-11-24,1398-09-03,12280,1.7%
2019-11-25,1398-09-04,12480,1.6%
2019-11-26,1398-09-05,12300,-1.4%
2019-11-27,1398-09-06,12550,2.0%
2019-11-28,1398-09-07,12650,0.8%
2019-11-29,1398-09-08,12650,0.0%
2019-11-30,1398-09-09,12550,-0.8%
2019-12-01,1398-09-10,12770,1.8%
2019-12-02,1398-09-11,12680,-0.7%
2019-12-03,1398-09-12,12800,0.9%
2019-12-04,1398-09-13,12960,1.3%
2019-12-05,1398-09-14,13150,1.5%
2019-12-06,1398-09-15,13150,0.0%
2019-12-07,1398-09-16,13320,1.3%
2019-12-08,1398-09-17,13500,1.4%
2019-12-09,1398-09-18,13860,2.7%
2019-12-10,1398-09-19,13620,-1.7%
2019-12-11,1398-09-20,13300,-2.3%
2019-12-12,1398-09-21,12850,-3.4%
2019-12-13,1398-09-22,12850,0.0%
2019-12-14,1398-09-23,12750,-0.8%
2019-12-15,1398-09-24,12870,0.9%
2019-12-16,1398-09-25,12950,0.6%
2019-12-17,1398-09-26,13100,1.2%
2019-12-18,1398-09-27,12930,-1.3%
2019-12-19,1398-09-28,13000,0.5%
2019-12-20,1398-09-29,13000,0.0%
2019-12-21,1398-09-30,13320,2.5%
2019-12-22,1398-10-01,13200,-0.9%
2019-12-23,1398-10-02,13230,0.2%
2019-12-24,1398-10-03,13160,-0.5%
2019-12-25,1398-10-04,13250,0.7%
2019-12-26,1398-10-05,13250,0.0%
2019-12-27,1398-10-06,13250,0.0%
2019-12-28,1398-10-07,13250,0.0%
2019-12-29,1398-10-08,13200,-0.4%
2019-12-30,1398-10-09,13190,-0.1%
2019-12-31,1398-10-10,13350,1.2%
2020-01-01,1398-10-11,13320,-0.2%
2020-01-02,1398-10-12,13350,0.2%
2020-01-03,1398-10-13,13350,0.0%
2020-01-04,1398-10-14,13750,3.0%
2020-01-05,1398-10-15,13950,1.5%
2020-01-06,1398-10-16,13950,0.0%
2020-01-07,1398-10-17,14000,0.4%
2020-01-08,1398-10-18,14020,0.1%
2020-01-09,1398-10-19,13500,-3.7%
2020-01-10,1398-10-20,13500,0.0%
2020-01-11,1398-10-21,13280,-1.6%
2020-01-12,1398-10-22,13470,1.4%
2020-01-13,1398-10-23,13500,0.2%
2020-01-14,1398-10-24,13550,0.4%
2020-01-15,1398-10-25,13550,0.0%
2020-01-16,1398-10-26,13570,0.1%
2020-01-17,1398-10-27,13570,0.0%
2020-01-18,1398-10-28,13500,-0.5%
2020-01-19,1398-10-29,13500,0.0%
2020-01-20,1398-10-30,13550,0.4%
2020-01-21,1398-11-01,13470,-0.6%
2020-01-22,1398-11-02,13530,0.4%
2020-01-23,1398-11-03,13570,0.3%
2020-01-24,1398-11-04,13570,0.0%
2020-01-25,1398-11-05,13580,0.1%
2020-01-26,1398-11-06,13620,0.3%
2020-01-27,1398-11-07,13680,0.4%
2020-01-28,1398-11-08,13750,0.5%
2020-01-29,1398-11-09,13750,0.0%
2020-01-30,1398-11-10,13770,0.1%
2020-01-31,1398-11-11,13770,0.0%
2020-02-01,1398-11-12,13580,-1.4%
2020-02-02,1398-11-13,13600,0.1%
2020-02-03,1398-11-14,13650,0.4%
2020-02-04,1398-11-15,13600,-0.4%
2020-02-05,1398-11-16,13700,0.7%
2020-02-06,1398-11-17,13720,0.1%
2020-02-07,1398-11-18,13720,0.0%
2020-02-08,1398-11-19,13800,0.6%
2020-02-09,1398-11-20,13970,1.2%
2020-02-10,1398-11-21,14000,0.2%
2020-02-11,1398-11-22,14000,0.0%
2020-02-12,1398-11-23,14050,0.4%
2020-02-13,1398-11-24,13970,-0.6%
2020-02-14,1398-11-25,13970,0.0%
2020-02-15,1398-11-26,14130,1.1%
2020-02-16,1398-11-27,14200,0.5%
2020-02-17,1398-11-28,14360,1.1%
2020-02-18,1398-11-29,14400,0.3%
2020-02-19,1398-11-30,14400,0.0%
2020-02-20,1398-12-01,14450,0.3%
2020-02-21,1398-12-02,14450,0.0%
2020-02-22,1398-12-03,15520,7.4%
2020-02-23,1398-12-04,15400,-0.8%
2020-02-24,1398-12-05,15650,1.6%
2020-02-25,1398-12-06,15850,1.3%
2020-02-26,1398-12-07,15920,0.4%
2020-02-27,1398-12-08,15800,-0.8%
2020-02-28,1398-12-09,15800,0.0%
2020-02-29,1398-12-10,15100,-4.4%
2020-03-01,1398-12-11,15600,3.3%
2020-03-02,1398-12-12,15480,-0.8%
2020-03-03,1398-12-13,15400,-0.5%
2020-03-04,1398-12-14,15470,0.5%
2020-03-05,1398-12-15,15350,-0.8%
2020-03-06,1398-12-16,15350,0.0%
2020-03-07,1398-12-17,15380,0.2%
2020-03-08,1398-12-18,15380,0.0%
2020-03-09,1398-12-19,15550,1.1%
2020-03-10,1398-12-20,15440,-0.7%
2020-03-11,1398-12-21,15420,-0.1%
2020-03-12,1398-12-22,15450,0.2%
2020-03-13,1398-12-23,15450,0.0%
2020-03-14,1398-12-24,15500,0.3%
2020-03-15,1398-12-25,15800,1.9%
2020-03-16,1398-12-26,16000,1.3%
2020-03-17,1398-12-27,16150,0.9%
2020-03-18,1398-12-28,16100,-0.3%
2020-03-19,1398-12-29,16100,0.0%
2020-03-20,1399-01-01,16100,0.0%
2020-03-21,1399-01-02,16100,0.0%
2020-03-22,1399-01-03,16100,0.0%
2020-03-23,1399-01-04,16100,0.0%
2020-03-24,1399-01-05,16030,-0.4%
2020-03-25,1399-01-06,16000,-0.2%
2020-03-26,1399-01-07,16000,0.0%
2020-03-27,1399-01-08,16000,0.0%
2020-03-28,1399-01-09,16050,0.3%
2020-03-29,1399-01-10,16320,1.7%
2020-03-30,1399-01-11,16620,1.8%
2020-03-31,1399-01-12,16620,0.0%
2020-04-01,1399-01-13,16620,0.0%
2020-04-02,1399-01-14,16600,-0.1%
2020-04-03,1399-01-15,16600,0.0%
2020-04-04,1399-01-16,16500,-0.6%
2020-04-05,1399-01-17,16470,-0.2%
2020-04-06,1399-01-18,16400,-0.4%
2020-04-07,1399-01-19,16200,-1.2%
2020-04-08,1399-01-20,16040,-1.0%
2020-04-09,1399-01-21,16040,0.0%
2020-04-10,1399-01-22,16040,0.0%
2020-04-11,1399-01-23,16200,1.0%
2020-04-12,1399-01-24,16260,0.4%
2020-04-13,1399-01-25,16150,-0.7%
2020-04-14,1399-01-26,16080,-0.4%
2020-04-15,1399-01-27,16020,-0.4%
2020-04-16,1399-01-28,15870,-0.9%
2020-04-17,1399-01-29,15870,0.0%
2020-04-18,1399-01-30,15660,-1.3%
2020-04-19,1399-01-31,15680,0.1%
2020-04-20,1399-02-01,15750,0.4%
2020-04-21,1399-02-02,16150,2.5%
2020-04-22,1399-02-03,16380,1.4%
2020-04-23,1399-02-04,16310,-0.4%
2020-04-24,1399-02-05,16310,0.0%
2020-04-25,1399-02-06,16200,-0.7%
2020-04-26,1399-02-07,16030,-1.0%
2020-04-27,1399-02-08,15950,-0.5%
2020-04-28,1399-02-09,16150,1.3%
2020-04-29,1399-02-10,16270,0.7%
2020-04-30,1399-02-11,16140,-0.8%
2020-05-01,1399-02-12,16140,0.0%
2020-05-02,1399-02-13,16100,-0.2%
2020-05-03,1399-02-14,16130,0.2%
2020-05-04,1399-02-15,16200,0.4%
2020-05-05,1399-02-16,16180,-0.1%
2020-05-06,1399-02-17,16300,0.7%
2020-05-07,1399-02-18,16350,0.3%
2020-05-08,1399-02-19,16350,0.0%
2020-05-09,1399-02-20,16500,0.9%
2020-05-10,1399-02-21,16570,0.4%
2020-05-11,1399-02-22,16880,1.9%
2020-05-12,1399-02-23,17020,0.8%
2020-05-13,1399-02-24,17150,0.8%
2020-05-14,1399-02-25,16920,-1.3%
2020-05-15,1399-02-26,16920,0.0%
2020-05-16,1399-02-27,17250,2.0%
2020-05-17,1399-02-28,17570,1.9%
2020-05-18,1399-02-29,17550,-0.1%
2020-05-19,1399-02-30,17730,1.0%
2020-05-20,1399-02-31,17900,1.0%
2020-05-21,1399-03-01,17750,-0.8%
2020-05-22,1399-03-02,17750,0.0%
2020-05-23,1399-03-03,17730,-0.1%
2020-05-24,1399-03-04,17730,0.0%
2020-05-25,1399-03-05,17730,0.0%
2020-05-26,1399-03-06,17580,-0.8%
2020-05-27,1399-03-07,17400,-1.0%
2020-05-28,1399-03-08,17600,1.1%
2020-05-29,1399-03-09,17600,0.0%
2020-05-30,1399-03-10,17670,0.4%
2020-05-31,1399-03-11,17600,-0.4%
2020-06-01,1399-03-12,17740,0.8%
2020-06-02,1399-03-13,17750,0.1%
2020-06-03,1399-03-14,17750,0.0%
2020-06-04,1399-03-15,17750,0.0%
2020-06-05,1399-03-16,17750,0.0%
2020-06-06,1399-03-17,17750,0.0%
2020-06-07,1399-03-18,17720,-0.2%
2020-06-08,1399-03-19,17650,-0.4%
2020-06-09,1399-03-20,17840,1.1%
2020-06-10,1399-03-21,18030,1.1%
2020-06-11,1399-03-22,18030,0.0%
2020-06-12,1399-03-23,18030,0.0%
2020-06-13,1399-03-24,17960,-0.4%
2020-06-14,1399-03-25,18200,1.3%
2020-06-15,1399-03-26,18350,0.8%
2020-06-16,1399-03-27,18630,1.5%
2020-06-17,1399-03-28,18630,0.0%
2020-06-18,1399-03-29,18820,1.0%
2020-06-19,1399-03-30,18820,0.0%
2020-06-20,1399-03-31,19340,2.8%
2020-06-21,1399-04-01,19630,1.5%
2020-06-22,1399-04-02,19840,1.1%
2020-06-23,1399-04-03,20150,1.6%
2020-06-24,1399-04-04,19650,-2.5%
2020-06-25,1399-04-05,19200,-2.3%
2020-06-26,1399-04-06,19200,0.0%
2020-06-27,1399-04-07,20000,4.2%
2020-06-28,1399-04-08,20250,1.3%
2020-06-29,1399-04-09,20230,-0.1%
2020-06-30,1399-04-10,20600,1.8%
2020-07-01,1399-04-11,20550,-0.2%
2020-07-02,1399-04-12,20820,1.3%
2020-07-03,1399-04-13,20820,0.0%
2020-07-04,1399-04-14,21550,3.5%
2020-07-05,1399-04-15,22350,3.7%
2020-07-06,1399-04-16,21800,-2.5%
2020-07-07,1399-04-17,22120,1.5%
2020-07-08,1399-04-18,22600,2.2%
2020-07-09,1399-04-19,22400,-0.9%
2020-07-10,1399-04-20,22400,0.0%
2020-07-11,1399-04-21,22700,1.3%
2020-07-12,1399-04-22,22750,0.2%
2020-07-13,1399-04-23,23550,3.5%
2020-07-14,1399-04-24,23700,0.6%
2020-07-15,1399-04-25,23950,1.1%
2020-07-16,1399-04-26,24250,1.3%
2020-07-17,1399-04-27,24250,0.0%
2020-07-18,1399-04-28,25500,5.2%
2020-07-19,1399-04-29,24850,-2.5%
2020-07-20,1399-04-30,22850,-8.0%
2020-07-21,1399-04-31,22500,-1.5%
2020-07-22,1399-05-01,21700,-3.6%
2020-07-23,1399-05-02,22000,1.4%
2020-07-24,1399-05-03,22000,0.0%
2020-07-25,1399-05-04,23350,6.1%
2020-07-26,1399-05-05,23000,-1.5%
2020-07-27,1399-05-06,23400,1.7%
2020-07-28,1399-05-07,23500,0.4%
2020-07-29,1399-05-08,23500,0.0%
2020-07-30,1399-05-09,23550,0.2%
2020-07-31,1399-05-10,23550,0.0%
2020-08-01,1399-05-11,23400,-0.6%
2020-08-02,1399-05-12,23320,-0.3%
2020-08-03,1399-05-13,23300,-0.1%
2020-08-04,1399-05-14,23300,0.0%
2020-08-05,1399-05-15,23620,1.4%
2020-08-06,1399-05-16,23700,0.3%
2020-08-07,1399-05-17,23700,0.0%
2020-08-08,1399-05-18,23700,0.0%
2020-08-09,1399-05-19,21550,-9.1%
2020-08-10,1399-05-20,22000,2.1%
2020-08-11,1399-05-21,22200,0.9%
2020-08-12,1399-05-22,22250,0.2%
2020-08-13,1399-05-23,22500,1.1%
2020-08-14,1399-05-24,22500,0.0%
2020-08-15,1399-05-25,22050,-2.0%
2020-08-16,1399-05-26,22550,2.3%
2020-08-17,1399-05-27,23200,2.9%
2020-08-18,1399-05-28,22850,-1.5%
2020-08-19,1399-05-29,22850,0.0%
2020-08-20,1399-05-30,23170,1.4%
2020-08-21,1399-05-31,23170,0.0%
2020-08-22,1399-06-01,23050,-0.5%
2020-08-23,1399-06-02,23000,-0.2%
2020-08-24,1399-06-03,23120,0.5%
2020-08-25,1399-06-04,23450,1.4%
2020-08-26,1399-06-05,23550,0.4%
2020-08-27,1399-06-06,23450,-0.4%
2020-08-28,1399-06-07,23450,0.0%
2020-08-29,1399-06-08,23450,0.0%
2020-08-30,1399-06-09,23450,0.0%
2020-08-31,1399-06-10,23870,1.8%
2020-09-01,1399-06-11,24350,2.0%
2020-09-02,1399-06-12,24500,0.6%
2020-09-03,1399-06-13,24250,-1.0%
2020-09-04,1399-06-14,24250,0.0%
2020-09-05,1399-06-15,24650,1.6%
2020-09-06,1399-06-16,24700,0.2%
2020-09-07,1399-06-17,24820,0.5%
2020-09-08,1399-06-18,25350,2.1%
2020-09-09,1399-06-19,25730,1.5%
2020-09-10,1399-06-20,25700,-0.1%
2020-09-11,1399-06-21,25700,0.0%
2020-09-12,1399-06-22,26300,2.3%
2020-09-13,1399-06-23,26900,2.3%
2020-09-14,1399-06-24,26270,-2.3%
2020-09-15,1399-06-25,26870,2.3%
2020-09-16,1399-06-26,26900,0.1%
2020-09-17,1399-06-27,26950,0.2%
2020-09-18,1399-06-28,26950,0.0%
2020-09-19,1399-06-29,26780,-0.6%
2020-09-20,1399-06-30,27300,1.9%
2020-09-21,1399-06-31,27250,-0.2%
2020-09-22,1399-07-01,27550,1.1%
2020-09-23,1399-07-02,28150,2.2%
2020-09-24,1399-07-03,28750,2.1%
2020-09-25,1399-07-04,28750,0.0%
2020-09-26,1399-07-05,28850,0.3%
2020-09-27,1399-07-06,29200,1.2%
2020-09-28,1399-07-07,29550,1.2%
2020-09-29,1399-07-08,29480,-0.2%
2020-09-30,1399-07-09,29800,1.1%
2020-10-01,1399-07-10,30000,0.7%
2020-10-02,1399-07-11,30000,0.0%
2020-10-03,1399-07-12,29450,-1.8%
2020-10-04,1399-07-13,28600,-2.9%
2020-10-05,1399-07-14,29400,2.8%
2020-10-06,1399-07-15,29650,0.9%
2020-10-07,1399-07-16,29750,0.3%
2020-10-08,1399-07-17,29750,0.0%
2020-10-09,1399-07-18,29750,0.0%
2020-10-10,1399-07-19,30950,4.0%
2020-10-11,1399-07-20,30950,0.0%
2020-10-12,1399-07-21,31700,2.4%
2020-10-13,1399-07-22,31750,0.2%
2020-10-14,1399-07-23,31850,0.3%
2020-10-15,1399-07-24,32200,1.1%
2020-10-16,1399-07-25,32200,0.0%
2020-10-17,1399-07-26,32200,0.0%
2020-10-18,1399-07-27,31500,-2.2%
2020-10-19,1399-07-28,30450,-3.3%
2020-10-20,1399-07-29,27500,-9.7%
2020-10-21,1399-07-30,29500,7.3%
2020-10-22,1399-08-01,29800,1.0%
2020-10-23,1399-08-02,29800,0.0%
2020-10-24,1399-08-03,29150,-2.2%
2020-10-25,1399-08-04,29150,0.0%
2020-10-26,1399-08-05,28150,-3.4%
2020-10-27,1399-08-06,28750,2.1%
2020-10-28,1399-08-07,28150,-2.1%
2020-10-29,1399-08-08,28100,-0.2%
2020-10-30,1399-08-09,28100,0.0%
2020-10-31,1399-08-10,26800,-4.6%
2020-11-01,1399-08-11,28300,5.6%
2020-11-02,1399-08-12,29100,2.8%
2020-11-03,1399-08-13,29100,0.0%
2020-11-04,1399-08-14,29300,0.7%
2020-11-05,1399-08-15,27400,-6.5%
2020-11-06,1399-08-16,27400,0.0%
2020-11-07,1399-08-17,25300,-7.7%
2020-11-08,1399-08-18,25850,2.2%
2020-11-09,1399-08-19,26800,3.7%
2020-11-10,1399-08-20,27700,3.4%
2020-11-11,1399-08-21,27600,-0.4%
2020-11-12,1399-08-22,27200,-1.4%
2020-11-13,1399-08-23,27200,0.0%
2020-11-14,1399-08-24,27100,-0.4%
2020-11-15,1399-08-25,26050,-3.9%
2020-11-16,1399-08-26,26500,1.7%
2020-11-17,1399-08-27,26350,-0.6%
2020-11-18,1399-08-28,26100,-0.9%
2020-11-19,1399-08-29,26000,-0.4%
2020-11-20,1399-08-30,26000,0.0%
2020-11-21,1399-09-01,26050,0.2%
2020-11-22,1399-09-02,25950,-0.4%
2020-11-23,1399-09-03,26000,0.2%
2020-11-24,1399-09-04,25350,-2.5%
2020-11-25,1399-09-05,25100,-1.0%
2020-11-26,1399-09-06,24850,-1.0%
2020-11-27,1399-09-07,24850,0.0%
2020-11-28,1399-09-08,24850,0.0%
2020-11-29,1399-09-09,25250,1.6%
2020-11-30,1399-09-10,25550,1.2%
2020-12-01,1399-09-11,26350,3.1%
2020-12-02,1399-09-12,25950,-1.5%
2020-12-03,1399-09-13,26100,0.6%
2020-12-04,1399-09-14,26100,0.0%
2020-12-05,1399-09-15,25850,-1.0%
2020-12-06,1399-09-16,26000,0.6%
2020-12-07,1399-09-17,25950,-0.2%
2020-12-08,1399-09-18,26200,1.0%
2020-12-09,1399-09-19,26450,1.0%
2020-12-10,1399-09-20,26250,-0.8%
2020-12-11,1399-09-21,26250,0.0%
2020-12-12,1399-09-22,26050,-0.8%
2020-12-13,1399-09-23,25950,-0.4%
2020-12-14,1399-09-24,25950,0.0%
2020-12-15,1399-09-25,26100,0.6%
2020-12-16,1399-09-26,25900,-0.8%
2020-12-17,1399-09-27,25950,0.2%
2020-12-18,1399-09-28,25950,0.0%
2020-12-19,1399-09-29,25650,-1.2%
2020-12-20,1399-09-30,25720,0.3%
2020-12-21,1399-10-01,25750,0.1%
2020-12-22,1399-10-02,25830,0.3%
2020-12-23,1399-10-03,26050,0.9%
2020-12-24,1399-10-04,26050,0.0%
2020-12-25,1399-10-05,26050,0.0%
2020-12-26,1399-10-06,25750,-1.2%
2020-12-27,1399-10-07,25900,0.6%
2020-12-28,1399-10-08,25850,-0.2%
2020-12-29,1399-10-09,25830,-0.1%
2020-12-30,1399-10-10,25850,0.1%
2020-12-31,1399-10-11,25800,-0.2%
2021-01-01,1399-10-12,25800,0.0%
2021-01-02,1399-10-13,25650,-0.6%
2021-01-03,1399-10-14,25800,0.6%
2021-01-04,1399-10-15,25980,0.7%
2021-01-05,1399-10-16,26150,0.7%
2021-01-06,1399-10-17,25930,-0.8%
2021-01-07,1399-10-18,25570,-1.4%
2021-01-08,1399-10-19,25570,0.0%
2021-01-09,1399-10-20,24900,-2.6%
2021-01-10,1399-10-21,25050,0.6%
2021-01-11,1399-10-22,25000,-0.2%
2021-01-12,1399-10-23,25020,0.1%
2021-01-13,1399-10-24,24570,-1.8%
2021-01-14,1399-10-25,24000,-2.3%
2021-01-15,1399-10-26,24000,0.0%
2021-01-16,1399-10-27,23100,-3.8%
2021-01-17,1399-10-28,23100,0.0%
2021-01-18,1399-10-29,21450,-7.1%
2021-01-19,1399-10-30,22100,3.0%
2021-01-20,1399-11-01,22950,3.8%
2021-01-21,1399-11-02,23300,1.5%
2021-01-22,1399-11-03,23300,0.0%
2021-01-23,1399-11-04,23350,0.2%
2021-01-24,1399-11-05,23600,1.1%
2021-01-25,1399-11-06,23650,0.2%
2021-01-26,1399-11-07,23450,-0.8%
2021-01-27,1399-11-08,23800,1.5%
2021-01-28,1399-11-09,24000,0.8%
2021-01-29,1399-11-10,24000,0.0%
2021-01-30,1399-11-11,24400,1.7%
2021-01-31,1399-11-12,24650,1.0%
2021-02-01,1399-11-13,24250,-1.6%
2021-02-02,1399-11-14,24450,0.8%
2021-02-03,1399-11-15,24200,-1.0%
2021-02-04,1399-11-16,24100,-0.4%
2021-02-05,1399-11-17,24100,0.0%
2021-02-06,1399-11-18,24400,1.2%
2021-02-07,1399-11-19,24350,-0.2%
2021-02-08,1399-11-20,25030,2.8%
2021-02-09,1399-11-21,25220,0.8%
2021-02-10,1399-11-22,25220,0.0%
2021-02-11,1399-11-23,25900,2.7%
2021-02-12,1399-11-24,25900,0.0%
2021-02-13,1399-11-25,26350,1.7%
2021-02-14,1399-11-26,26000,-1.3%
2021-02-15,1399-11-27,25550,-1.7%
2021-02-16,1399-11-28,26100,2.2%
2021-02-17,1399-11-29,26000,-0.4%
2021-02-18,1399-11-30,26000,0.0%
2021-02-19,1399-12-01,26000,0.0%
2021-02-20,1399-12-02,25350,-2.5%
2021-02-21,1399-12-03,24900,-1.8%
2021-02-22,1399-12-04,24700,-0.8%
2021-02-23,1399-12-05,25250,2.2%
2021-02-24,1399-12-06,25450,0.8%
2021-02-25,1399-12-07,25450,0.0%
2021-02-26,1399-12-08,25450,0.0%
2021-02-27,1399-12-09,25600,0.6%
2021-02-28,1399-12-10,25400,-0.8%
2021-03-01,1399-12-11,25500,0.4%
2021-03-02,1399-12-12,25350,-0.6%
2021-03-03,1399-12-13,25400,0.2%
2021-03-04,1399-12-14,25150,-1.0%
2021-03-05,1399-12-15,25150,0.0%
2021-03-06,1399-12-16,24800,-1.4%
2021-03-07,1399-12-17,24880,0.3%
2021-03-08,1399-12-18,24900,0.1%
2021-03-09,1399-12-19,24720,-0.7%
2021-03-10,1399-12-20,24770,0.2%
2021-03-11,1399-12-21,24770,0.0%
2021-03-12,1399-12-22,24770,0.0%
2021-03-13,1399-12-23,24900,0.5%
2021-03-14,1399-12-24,24750,-0.6%
2021-03-15,1399-12-25,24750,0.0%
2021-03-16,1399-12-26,24950,0.8%
2021-03-17,1399-12-27,25050,0.4%
2021-03-18,1399-12-28,25200,0.6%
2021-03-19,1399-12-29,25200,0.0%
2021-03-20,1399-12-30,25200,0.0%
2021-03-21,1400-01-01,25200,0.0%
2021-03-22,1400-01-02,25200,0.0%
2021-03-23,1400-01-03,25200,0.0%
2021-03-24,1400-01-04,25200,0.0%
2021-03-25,1400-01-05,25200,0.0%
2021-03-26,1400-01-06,25200,0.0%
2021-03-27,1400-01-07,25300,0.4%
2021-03-28,1400-01-08,25700,1.6%
2021-03-29,1400-01-09,25700,0.0%
2021-03-30,1400-01-10,25900,0.8%
2021-03-31,1400-01-11,25850,-0.2%
2021-04-01,1400-01-12,25850,0.0%
2021-04-02,1400-01-13,25850,0.0%
2021-04-03,1400-01-14,24800,-4.1%
2021-04-04,1400-01-15,25000,0.8%
2021-04-05,1400-01-16,25030,0.1%
2021-04-06,1400-01-17,25270,1.0%
2021-04-07,1400-01-18,25170,-0.4%
2021-04-08,1400-01-19,24900,-1.1%
2021-04-09,1400-01-20,24900,0.0%
2021-04-10,1400-01-21,24880,-0.1%
2021-04-11,1400-01-22,24850,-0.1%
2021-04-12,1400-01-23,25080,0.9%
2021-04-13,1400-01-24,25100,0.1%
2021-04-14,1400-01-25,25000,-0.4%
2021-04-15,1400-01-26,25070,0.3%
2021-04-16,1400-01-27,25070,0.0%
2021-04-17,1400-01-28,24800,-1.1%
2021-04-18,1400-01-29,24670,-0.5%
2021-04-19,1400-01-30,24150,-2.1%
2021-04-20,1400-01-31,24200,0.2%
2021-04-21,1400-02-01,24260,0.2%
2021-04-22,1400-02-02,23950,-1.3%
2021-04-23,1400-02-03,23950,0.0%
2021-04-24,1400-02-04,23920,-0.1%
2021-04-25,1400-02-05,23900,-0.1%
2021-04-26,1400-02-06,23780,-0.5%
2021-04-27,1400-02-07,23830,0.2%
2021-04-28,1400-02-08,23840,0.0%
2021-04-29,1400-02-09,23700,-0.6%
2021-04-30,1400-02-10,23700,0.0%
2021-05-01,1400-02-11,23250,-1.9%
2021-05-02,1400-02-12,22270,-4.2%
2021-05-03,1400-02-13,22150,-0.5%
2021-05-04,1400-02-14,22150,0.0%
2021-05-05,1400-02-15,20900,-5.6%
2021-05-06,1400-02-16,21950,5.0%
2021-05-07,1400-02-17,21950,0.0%
2021-05-08,1400-02-18,21550,-1.8%
2021-05-09,1400-02-19,21780,1.1%
2021-05-10,1400-02-20,22230,2.1%
2021-05-11,1400-02-21,22500,1.2%
2021-05-12,1400-02-22,22630,0.6%
2021-05-13,1400-02-23,22630,0.0%
2021-05-14,1400-02-24,22630,0.0%
2021-05-15,1400-02-25,23000,1.6%
2021-05-16,1400-02-26,23200,0.9%
2021-05-17,1400-02-27,22950,-1.1%
2021-05-18,1400-02-28,23000,0.2%
2021-05-19,1400-02-29,22900,-0.4%
2021-05-20,1400-02-30,23000,0.4%
2021-05-21,1400-02-31,23000,0.0%
2021-05-22,1400-03-01,22960,-0.2%
2021-05-23,1400-03-02,23100,0.6%
2021-05-24,1400-03-03,23300,0.9%
2021-05-25,1400-03-04,23150,-0.6%
2021-05-26,1400-03-05,23300,0.6%
2021-05-27,1400-03-06,23300,0.0%
2021-05-28,1400-03-07,23300,0.0%
2021-05-29,1400-03-08,24100,3.4%
2021-05-30,1400-03-09,24200,0.4%
2021-05-31,1400-03-10,24320,0.5%
2021-06-01,1400-03-11,24200,-0.5%
2021-06-02,1400-03-12,24000,-0.8%
2021-06-03,1400-03-13,23800,-0.8%
2021-06-04,1400-03-14,23800,0.0%
2021-06-05,1400-03-15,23800,0.0%
2021-06-06,1400-03-16,23800,0.0%
2021-06-07,1400-03-17,24000,0.8%
2021-06-08,1400-03-18,24000,0.0%
2021-06-09,1400-03-19,24180,0.8%
2021-06-10,1400-03-20,24050,-0.5%
2021-06-11,1400-03-21,24050,0.0%
2021-06-12,1400-03-22,23800,-1.0%
2021-06-13,1400-03-23,24100,1.3%
2021-06-14,1400-03-24,24000,-0.4%
2021-06-15,1400-03-25,24100,0.4%
2021-06-16,1400-03-26,24230,0.5%
2021-06-17,1400-03-27,24450,0.9%
2021-06-18,1400-03-28,24450,0.0%
2021-06-19,1400-03-29,23630,-3.4%
2021-06-20,1400-03-30,24000,1.6%
2021-06-21,1400-03-31,24130,0.5%
2021-06-22,1400-04-01,24300,0.7%
2021-06-23,1400-04-02,24220,-0.3%
2021-06-24,1400-04-03,24200,-0.1%
2021-06-25,1400-04-04,24200,0.0%
2021-06-26,1400-04-05,24450,1.0%
2021-06-27,1400-04-06,24700,1.0%
2021-06-28,1400-04-07,24800,0.4%
2021-06-29,1400-04-08,25080,1.1%
2021-06-30,1400-04-09,25300,0.9%
2021-07-01,1400-04-10,25150,-0.6%
2021-07-02,1400-04-11,25150,0.0%
2021-07-03,1400-04-12,25250,0.4%
2021-07-04,1400-04-13,25180,-0.3%
2021-07-05,1400-04-14,25100,-0.3%
2021-07-06,1400-04-15,25150,0.2%
2021-07-07,1400-04-16,25150,0.0%
2021-07-08,1400-04-17,25050,-0.4%
2021-07-09,1400-04-18,25050,0.0%
2021-07-10,1400-04-19,24970,-0.3%
2021-07-11,1400-04-20,25020,0.2%
2021-07-12,1400-04-21,25000,-0.1%
2021-07-13,1400-04-22,24810,-0.8%
2021-07-14,1400-04-23,24600,-0.8%
2021-07-15,1400-04-24,24720,0.5%
2021-07-16,1400-04-25,24720,0.0%
2021-07-17,1400-04-26,24750,0.1%
2021-07-18,1400-04-27,24600,-0.6%
2021-07-19,1400-04-28,24530,-0.3%
2021-07-20,1400-04-29,24620,0.4%
2021-07-21,1400-04-30,24620,0.0%
2021-07-22,1400-04-31,24650,0.1%
2021-07-23,1400-05-01,24650,0.0%
2021-07-24,1400-05-02,24730,0.3%
2021-07-25,1400-05-03,24820,0.4%
2021-07-26,1400-05-04,25100,1.1%
2021-07-27,1400-05-05,25180,0.3%
2021-07-28,1400-05-06,25600,1.7%
2021-07-29,1400-05-07,25600,0.0%
2021-07-30,1400-05-08,25600,0.0%
2021-07-31,1400-05-09,25770,0.7%
2021-08-01,1400-05-10,25550,-0.9%
2021-08-02,1400-05-11,25550,0.0%
2021-08-03,1400-05-12,25750,0.8%
2021-08-04,1400-05-13,25650,-0.4%
2021-08-05,1400-05-14,25550,-0.4%
2021-08-06,1400-05-15,25550,0.0%
2021-08-07,1400-05-16,25670,0.5%
2021-08-08,1400-05-17,25730,0.2%
2021-08-09,1400-05-18,25950,0.9%
2021-08-10,1400-05-19,26370,1.6%
2021-08-11,1400-05-20,26700,1.3%
2021-08-12,1400-05-21,26480,-0.8%
2021-08-13,1400-05-22,26480,0.0%
2021-08-14,1400-05-23,26500,0.1%
2021-08-15,1400-05-24,26950,1.7%
2021-08-16,1400-05-25,27130,0.7%
2021-08-17,1400-05-26,27080,-0.2%
2021-08-18,1400-05-27,27080,0.0%
2021-08-19,1400-05-28,27080,0.0%
2021-08-20,1400-05-29,27080,0.0%
2021-08-21,1400-05-30,27350,1.0%
2021-08-22,1400-05-31,27500,0.5%
2021-08-23,1400-06-01,27730,0.8%
2021-08-24,1400-06-02,27730,0.0%
2021-08-25,1400-06-03,27930,0.7%
2021-08-26,1400-06-04,27970,0.1%
2021-08-27,1400-06-05,27970,0.0%
2021-08-28,1400-06-06,28250,1.0%
2021-08-29,1400-06-07,27650,-2.1%
2021-08-30,1400-06-08,27170,-1.7%
2021-08-31,1400-06-09,27430,1.0%
2021-09-01,1400-06-10,27100,-1.2%
2021-09-02,1400-06-11,27330,0.8%
2021-09-03,1400-06-12,27330,0.0%
2021-09-04,1400-06-13,27100,-0.8%
2021-09-05,1400-06-14,27100,0.0%
2021-09-06,1400-06-15,27130,0.1%
2021-09-07,1400-06-16,27400,1.0%
2021-09-08,1400-06-17,27730,1.2%
2021-09-09,1400-06-18,27880,0.5%
2021-09-10,1400-06-19,27880,0.0%
2021-09-11,1400-06-20,27750,-0.5%
2021-09-12,1400-06-21,27300,-1.6%
2021-09-13,1400-06-22,27420,0.4%
2021-09-14,1400-06-23,27720,1.1%
2021-09-15,1400-06-24,27400,-1.2%
2021-09-16,1400-06-25,27500,0.4%
2021-09-17,1400-06-26,27500,0.0%
2021-09-18,1400-06-27,27350,-0.5%
2021-09-19,1400-06-28,27480,0.5%
2021-09-20,1400-06-29,27430,-0.2%
2021-09-21,1400-06-30,27450,0.1%
2021-09-22,1400-06-31,27530,0.3%
2021-09-23,1400-07-01,27680,0.5%
2021-09-24,1400-07-02,27680,0.0%
2021-09-25,1400-07-03,27600,-0.3%
2021-09-26,1400-07-04,27720,0.4%
2021-09-27,1400-07-05,27720,0.0%
2021-09-28,1400-07-06,28100,1.4%
2021-09-29,1400-07-07,28300,0.7%
2021-09-30,1400-07-08,28450,0.5%
2021-10-01,1400-07-09,28450,0.0%
2021-10-02,1400-07-10,28220,-0.8%
2021-10-03,1400-07-11,28120,-0.4%
2021-10-04,1400-07-12,28170,0.2%
2021-10-05,1400-07-13,28170,0.0%
2021-10-06,1400-07-14,27930,-0.9%
2021-10-07,1400-07-15,27930,0.0%
2021-10-08,1400-07-16,27930,0.0%
2021-10-09,1400-07-17,27650,-1.0%
2021-10-10,1400-07-18,27620,-0.1%
2021-10-11,1400-07-19,27360,-0.9%
2021-10-12,1400-07-20,27130,-0.8%
2021-10-13,1400-07-21,27200,0.3%
2021-10-14,1400-07-22,27130,-0.3%
2021-10-15,1400-07-23,27130,0.0%
2021-10-16,1400-07-24,27330,0.7%
2021-10-17,1400-07-25,27150,-0.7%
2021-10-18,1400-07-26,27320,0.6%
2021-10-19,1400-07-27,27530,0.8%
2021-10-20,1400-07-28,27330,-0.7%
2021-10-21,1400-07-29,27450,0.4%
2021-10-22,1400-07-30,27450,0.0%
2021-10-23,1400-08-01,27650,0.7%
2021-10-24,1400-08-02,27650,0.0%
2021-10-25,1400-08-03,27630,-0.1%
2021-10-26,1400-08-04,27580,-0.2%
2021-10-27,1400-08-05,27750,0.6%
2021-10-28,1400-08-06,27630,-0.4%
2021-10-29,1400-08-07,27630,0.0%
2021-10-30,1400-08-08,27670,0.1%
2021-10-31,1400-08-09,27630,-0.1%
2021-11-01,1400-08-10,27550,-0.3%
2021-11-02,1400-08-11,27650,0.4%
2021-11-03,1400-08-12,27970,1.2%
2021-11-04,1400-08-13,27730,-0.9%
2021-11-05,1400-08-14,27730,0.0%
2021-11-06,1400-08-15,27870,0.5%
2021-11-07,1400-08-16,28050,0.6%
2021-11-08,1400-08-17,28100,0.2%
2021-11-09,1400-08-18,28150,0.2%
2021-11-10,1400-08-19,28420,1.0%
2021-11-11,1400-08-20,28500,0.3%
2021-11-12,1400-08-21,28500,0.0%
2021-11-13,1400-08-22,28720,0.8%
2021-11-14,1400-08-23,28600,-0.4%
2021-11-15,1400-08-24,28150,-1.6%
2021-11-16,1400-08-25,28300,0.5%
2021-11-17,1400-08-26,28380,0.3%
2021-11-18,1400-08-27,28230,-0.5%
2021-11-19,1400-08-28,28230,0.0%
2021-11-20,1400-08-29,28190,-0.1%
2021-11-21,1400-08-30,28380,0.7%
2021-11-22,1400-09-01,28480,0.4%
2021-11-23,1400-09-02,28630,0.5%
2021-11-24,1400-09-03,29300,2.3%
2021-11-25,1400-09-04,29080,-0.8%
2021-11-26,1400-09-05,29080,0.0%
2021-11-27,1400-09-06,29120,0.1%
2021-11-28,1400-09-07,29500,1.3%
2021-11-29,1400-09-08,29400,-0.3%
2021-11-30,1400-09-09,29170,-0.8%
2021-12-01,1400-09-10,29220,0.2%
2021-12-02,1400-09-11,29400,0.6%
2021-12-03,1400-09-12,29400,0.0%
2021-12-04,1400-09-13,30250,2.9%
2021-12-05,1400-09-14,30450,0.7%
2021-12-06,1400-09-15,31100,2.1%
2021-12-07,1400-09-16,30800,-1.0%
2021-12-08,1400-09-17,30800,0.0%
2021-12-09,1400-09-18,30750,-0.2%
2021-12-10,1400-09-19,30750,0.0%
2021-12-11,1400-09-20,30350,-1.3%
2021-12-12,1400-09-21,30230,-0.4%
2021-12-13,1400-09-22,29850,-1.3%
2021-12-14,1400-09-23,30250,1.3%
2021-12-15,1400-09-24,30180,-0.2%
2021-12-16,1400-09-25,30050,-0.4%
2021-12-17,1400-09-26,30050,0.0%
2021-12-18,1400-09-27,30000,-0.2%
2021-12-19,1400-09-28,30000,0.0%
2021-12-20,1400-09-29,30200,0.7%
2021-12-21,1400-09-30,30280,0.3%
2021-12-22,1400-10-01,30200,-0.3%
2021-12-23,1400-10-02,30150,-0.2%
2021-12-24,1400-10-03,30150,0.0%
2021-12-25,1400-10-04,29900,-0.8%
2021-12-26,1400-10-05,30050,0.5%
2021-12-27,1400-10-06,29980,-0.2%
2021-12-28,1400-10-07,29630,-1.2%
2021-12-29,1400-10-08,29760,0.4%
2021-12-30,1400-10-09,29970,0.7%
2021-12-31,1400-10-10,29970,0.0%
2022-01-01,1400-10-11,29740,-0.8%
2022-01-02,1400-10-12,29600,-0.5%
2022-01-03,1400-10-13,29300,-1.0%
2022-01-04,1400-10-14,29130,-0.6%
2022-01-05,1400-10-15,28800,-1.1%
2022-01-06,1400-10-16,28800,0.0%
2022-01-07,1400-10-17,28800,0.0%
2022-01-08,1400-10-18,28350,-1.6%
2022-01-09,1400-10-19,27600,-2.6%
2022-01-10,1400-10-20,28050,1.6%
2022-01-11,1400-10-21,28200,0.5%
2022-01-12,1400-10-22,27870,-1.2%
2022-01-13,1400-10-23,28150,1.0%
2022-01-14,1400-10-24,28150,0.0%
2022-01-15,1400-10-25,27750,-1.4%
2022-01-16,1400-10-26,27770,0.1%
2022-01-17,1400-10-27,27570,-0.7%
2022-01-18,1400-10-28,27780,0.8%
2022-01-19,1400-10-29,27820,0.1%
2022-01-20,1400-10-30,27950,0.5%
2022-01-21,1400-11-01,27950,0.0%
2022-01-22,1400-11-02,27920,-0.1%
2022-01-23,1400-11-03,28080,0.6%
2022-01-24,1400-11-04,28170,0.3%
2022-01-25,1400-11-05,28100,-0.2%
2022-01-26,1400-11-06,28050,-0.2%
2022-01-27,1400-11-07,28050,0.0%
2022-01-28,1400-11-08,28050,0.0%
2022-01-29,1400-11-09,28120,0.2%
2022-01-30,1400-11-10,28170,0.2%
2022-01-31,1400-11-11,27950,-0.8%
2022-02-01,1400-11-12,27800,-0.5%
2022-02-02,1400-11-13,27550,-0.9%
2022-02-03,1400-11-14,27550,0.0%
2022-02-04,1400-11-15,27550,0.0%
2022-02-05,1400-11-16,26650,-3.3%
2022-02-06,1400-11-17,26800,0.6%
2022-02-07,1400-11-18,26750,-0.2%
2022-02-08,1400-11-19,26450,-1.1%
2022-02-09,1400-11-20,26500,0.2%
2022-02-10,1400-11-21,26500,0.0%
2022-02-11,1400-11-22,26500,0.0%
2022-02-12,1400-11-23,26830,1.2%
2022-02-13,1400-11-24,27300,1.8%
2022-02-14,1400-11-25,27320,0.1%
2022-02-15,1400-11-26,27000,-1.2%
2022-02-16,1400-11-27,26850,-0.6%
2022-02-17,1400-11-28,26550,-1.1%
2022-02-18,1400-11-29,26550,0.0%
2022-02-19,1400-11-30,26200,-1.3%
2022-02-20,1400-12-01,25730,-1.8%
2022-02-21,1400-12-02,26150,1.6%
2022-02-22,1400-12-03,26280,0.5%
2022-02-23,1400-12-04,26250,-0.1%
2022-02-24,1400-12-05,26400,0.6%
2022-02-25,1400-12-06,26400,0.0%
2022-02-26,1400-12-07,26350,-0.2%
2022-02-27,1400-12-08,26320,-0.1%
2022-02-28,1400-12-09,26230,-0.3%
2022-03-01,1400-12-10,26230,0.0%
2022-03-02,1400-12-11,26200,-0.1%
2022-03-03,1400-12-12,26050,-0.6%
2022-03-04,1400-12-13,26050,0.0%
2022-03-05,1400-12-14,25800,-1.0%
2022-03-06,1400-12-15,25580,-0.9%
2022-03-07,1400-12-16,25950,1.4%
2022-03-08,1400-12-17,26250,1.2%
2022-03-09,1400-12-18,25800,-1.7%
2022-03-10,1400-12-19,25830,0.1%
2022-03-11,1400-12-20,25830,0.0%
2022-03-12,1400-12-21,26000,0.7%
2022-03-13,1400-12-22,26450,1.7%
2022-03-14,1400-12-23,26310,-0.5%
2022-03-15,1400-12-24,26600,1.1%
2022-03-16,1400-12-25,26420,-0.7%
2022-03-17,1400-12-26,26300,-0.5%
2022-03-18,1400-12-27,26300,0.0%
2022-03-19,1400-12-28,26300,0.0%
2022-03-20,1400-12-29,26300,0.0%
2022-03-21,1401-01-01,26300,0.0%
2022-03-22,1401-01-02,26300,0.0%
2022-03-23,1401-01-03,26300,0.0%
2022-03-24,1401-01-04,26300,0.0%
2022-03-25,1401-01-05,26300,0.0%
2022-03-26,1401-01-06,26270,-0.1%
2022-03-27,1401-01-07,26380,0.4%
2022-03-28,1401-01-08,26550,0.6%
2022-03-29,1401-01-09,27050,1.9%
2022-03-30,1401-01-10,27000,-0.2%
2022-03-31,1401-01-11,27050,0.2%
2022-04-01,1401-01-12,27050,0.0%
2022-04-02,1401-01-13,27050,0.0%
2022-04-03,1401-01-14,26930,-0.4%
2022-04-04,1401-01-15,27200,1.0%
2022-04-05,1401-01-16,27720,1.9%
2022-04-06,1401-01-17,27400,-1.2%
2022-04-07,1401-01-18,27650,0.9%
2022-04-08,1401-01-19,27650,0.0%
2022-04-09,1401-01-20,27770,0.4%
2022-04-10,1401-01-21,28000,0.8%
2022-04-11,1401-01-22,28080,0.3%
2022-04-12,1401-01-23,28130,0.2%
2022-04-13,1401-01-24,27800,-1.2%
2022-04-14,1401-01-25,27530,-1.0%
2022-04-15,1401-01-26,27530,0.0%
2022-04-16,1401-01-27,27950,1.5%
2022-04-17,1401-01-28,27930,-0.1%
2022-04-18,1401-01-29,27700,-0.8%
2022-04-19,1401-01-30,27600,-0.4%
2022-04-20,1401-01-31,27750,0.5%
2022-04-21,1401-02-01,27900,0.5%
2022-04-22,1401-02-02,27900,0.0%
2022-04-23,1401-02-03,27900,0.0%
2022-04-24,1401-02-04,27800,-0.4%
2022-04-25,1401-02-05,27840,0.1%
2022-04-26,1401-02-06,27950,0.4%
2022-04-27,1401-02-07,28100,0.5%
2022-04-28,1401-02-08,28080,-0.1%
2022-04-29,1401-02-09,28080,0.0%
2022-04-30,1401-02-10,28100,0.1%
2022-05-01,1401-02-11,28150,0.2%
2022-05-02,1401-02-12,28250,0.4%
2022-05-03,1401-02-13,28250,0.0%
2022-05-04,1401-02-14,28250,0.0%
2022-05-05,1401-02-15,28400,0.5%
2022-05-06,1401-02-16,28400,0.0%
2022-05-07,1401-02-17,28450,0.2%
2022-05-08,1401-02-18,28400,-0.2%
2022-05-09,1401-02-19,28650,0.9%
2022-05-10,1401-02-20,29300,2.3%
2022-05-11,1401-02-21,29800,1.7%
2022-05-12,1401-02-22,30750,3.2%
2022-05-13,1401-02-23,30750,0.0%
2022-05-14,1401-02-24,30150,-2.0%
2022-05-15,1401-02-25,30600,1.5%
2022-05-16,1401-02-26,30550,-0.2%
2022-05-17,1401-02-27,30250,-1.0%
2022-05-18,1401-02-28,30100,-0.5%
2022-05-19,1401-02-29,30170,0.2%
2022-05-20,1401-02-30,30170,0.0%
2022-05-21,1401-02-31,30450,0.9%
2022-05-22,1401-03-01,30300,-0.5%
2022-05-23,1401-03-02,30250,-0.2%
2022-05-24,1401-03-03,30200,-0.2%
2022-05-25,1401-03-04,30250,0.2%
2022-05-26,1401-03-05,30500,0.8%
2022-05-27,1401-03-06,30500,0.0%
2022-05-28,1401-03-07,30570,0.2%
2022-05-29,1401-03-08,30770,0.7%
2022-05-30,1401-03-09,31100,1.1%
2022-05-31,1401-03-10,31200,0.3%
2022-06-01,1401-03-11,31850,2.1%
2022-06-02,1401-03-12,31650,-0.6%
2022-06-03,1401-03-13,31650,0.0%
2022-06-04,1401-03-14,31650,0.0%
2022-06-05,1401-03-15,31700,0.2%
2022-06-06,1401-03-16,31600,-0.3%
2022-06-07,1401-03-17,32000,1.3%
2022-06-08,1401-03-18,31850,-0.5%
2022-06-09,1401-03-19,32250,1.3%
2022-06-10,1401-03-20,32250,0.0%
2022-06-11,1401-03-21,32750,1.6%
2022-06-12,1401-03-22,33200,1.4%
2022-06-13,1401-03-23,33000,-0.6%
2022-06-14,1401-03-24,32350,-2.0%
2022-06-15,1401-03-25,31850,-1.5%
2022-06-16,1401-03-26,31900,0.2%
2022-06-17,1401-03-27,31900,0.0%
2022-06-18,1401-03-28,32100,0.6%
2022-06-19,1401-03-29,31800,-0.9%
2022-06-20,1401-03-30,31870,0.2%
2022-06-21,1401-03-31,31850,-0.1%
2022-06-22,1401-04-01,32150,0.9%
2022-06-23,1401-04-02,32000,-0.5%
2022-06-24,1401-04-03,32000,0.0%
2022-06-25,1401-04-04,31750,-0.8%
2022-06-26,1401-04-05,31380,-1.2%
2022-06-27,1401-04-06,30400,-3.1%
2022-06-28,1401-04-07,30700,1.0%
2022-06-29,1401-04-08,31150,1.5%
2022-06-30,1401-04-09,32050,2.9%
2022-07-01,1401-04-10,32050,0.0%
2022-07-02,1401-04-11,32750,2.2%
2022-07-03,1401-04-12,32000,-2.3%
2022-07-04,1401-04-13,31800,-0.6%
2022-07-05,1401-04-14,31500,-0.9%
2022-07-06,1401-04-15,31500,0.0%
2022-07-07,1401-04-16,31550,0.2%
2022-07-08,1401-04-17,31550,0.0%
2022-07-09,1401-04-18,31550,0.0%
2022-07-10,1401-04-19,31550,0.0%
2022-07-11,1401-04-20,31700,0.5%
2022-07-12,1401-04-21,31650,-0.2%
2022-07-13,1401-04-22,31850,0.6%
2022-07-14,1401-04-23,32100,0.8%
2022-07-15,1401-04-24,32100,0.0%
2022-07-16,1401-04-25,32150,0.2%
2022-07-17,1401-04-26,32100,-0.2%
2022-07-18,1401-04-27,32100,0.0%
2022-07-19,1401-04-28,31900,-0.6%
2022-07-20,1401-04-29,31850,-0.2%
2022-07-21,1401-04-30,31900,0.2%
2022-07-22,1401-04-31,31900,0.0%
2022-07-23,1401-05-01,32150,0.8%
2022-07-24,1401-05-02,32000,-0.5%
2022-07-25,1401-05-03,31850,-0.5%
2022-07-26,1401-05-04,31900,0.2%
2022-07-27,1401-05-05,31930,0.1%
2022-07-28,1401-05-06,31900,-0.1%
2022-07-29,1401-05-07,31900,0.0%
2022-07-30,1401-05-08,31950,0.2%
2022-07-31,1401-05-09,31800,-0.5%
2022-08-01,1401-05-10,31740,-0.2%
2022-08-02,1401-05-11,31650,-0.3%
2022-08-03,1401-05-12,31450,-0.6%
2022-08-04,1401-05-13,31400,-0.2%
2022-08-05,1401-05-14,31400,0.0%
2022-08-06,1401-05-15,31550,0.5%
2022-08-07,1401-05-16,31550,0.0%
2022-08-08,1401-05-17,31550,0.0%
2022-08-09,1401-05-18,31550,0.0%
2022-08-10,1401-05-19,31250,-1.0%
2022-08-11,1401-05-20,31200,-0.2%
2022-08-12,1401-05-21,31200,0.0%
2022-08-13,1401-05-22,30500,-2.2%
2022-08-14,1401-05-23,30450,-0.2%
2022-08-15,1401-05-24,30150,-1.0%
2022-08-16,1401-05-25,30100,-0.2%
2022-08-17,1401-05-26,29900,-0.7%
2022-08-18,1401-05-27,29900,0.0%
2022-08-19,1401-05-28,29900,0.0%
2022-08-20,1401-05-29,28700,-4.0%
2022-08-21,1401-05-30,29000,1.0%
2022-08-22,1401-05-31,29400,1.4%
2022-08-23,1401-06-01,29300,-0.3%
2022-08-24,1401-06-02,29200,-0.3%
2022-08-25,1401-06-03,29750,1.9%
2022-08-26,1401-06-04,29750,0.0%
2022-08-27,1401-06-05,29900,0.5%
2022-08-28,1401-06-06,29600,-1.0%
2022-08-29,1401-06-07,29700,0.3%
2022-08-30,1401-06-08,29800,0.3%
2022-08-31,1401-06-09,29950,0.5%
2022-09-01,1401-06-10,29820,-0.4%
2022-09-02,1401-06-11,29820,0.0%
2022-09-03,1401-06-12,30000,0.6%
2022-09-04,1401-06-13,30250,0.8%
2022-09-05,1401-06-14,30220,-0.1%
2022-09-06,1401-06-15,30140,-0.3%
2022-09-07,1401-06-16,30180,0.1%
2022-09-08,1401-06-17,30250,0.2%
2022-09-09,1401-06-18,30300,0.2%
2022-09-10,1401-06-19,30380,0.3%
2022-09-11,1401-06-20,30900,1.7%
2022-09-12,1401-06-21,31100,0.6%
2022-09-13,1401-06-22,31700,1.9%
2022-09-14,1401-06-23,31500,-0.6%
2022-09-15,1401-06-24,31670,0.5%
2022-09-16,1401-06-25,31670,0.0%
2022-09-17,1401-06-26,31900,0.7%
2022-09-18,1401-06-27,31750,-0.5%
2022-09-19,1401-06-28,31800,0.2%
2022-09-20,1401-06-29,31700,-0.3%
2022-09-21,1401-06-30,31750,0.2%
2022-09-22,1401-06-31,31760,0.0%
2022-09-23,1401-07-01,31750,0.0%
2022-09-24,1401-07-02,31700,-0.2%
2022-09-25,1401-07-03,31650,-0.2%
2022-09-26,1401-07-04,31680,0.1%
2022-09-27,1401-07-05,31730,0.2%
2022-09-28,1401-07-06,31830,0.3%
2022-09-29,1401-07-07,32150,1.0%
2022-09-30,1401-07-08,32120,-0.1%
2022-10-01,1401-07-09,33180,3.3%
2022-10-02,1401-07-10,33120,-0.2%
2022-10-03,1401-07-11,33250,0.4%
2022-10-04,1401-07-12,33230,-0.1%
2022-10-05,1401-07-13,32990,-0.7%
2022-10-06,1401-07-14,32880,-0.3%
2022-10-07,1401-07-15,32850,-0.1%
2022-10-08,1401-07-16,32720,-0.4%
2022-10-09,1401-07-17,32400,-1.0%
2022-10-10,1401-07-18,32580,0.6%
2022-10-11,1401-07-19,32850,0.8%
2022-10-12,1401-07-20,32670,-0.5%
2022-10-13,1401-07-21,33000,1.0%
2022-10-14,1401-07-22,33000,0.0%
2022-10-15,1401-07-23,32850,-0.5%
2022-10-16,1401-07-24,33100,0.8%
2022-10-17,1401-07-25,32850,-0.8%
2022-10-18,1401-07-26,32950,0.3%
2022-10-19,1401-07-27,32800,-0.5%
2022-10-20,1401-07-28,32780,-0.1%
2022-10-21,1401-07-29,32710,-0.2%
2022-10-22,1401-07-30,32840,0.4%
2022-10-23,1401-08-01,32750,-0.3%
2022-10-24,1401-08-02,32800,0.2%
2022-10-25,1401-08-03,32890,0.3%
2022-10-26,1401-08-04,32900,0.0%
2022-10-27,1401-08-05,33030,0.4%
2022-10-28,1401-08-06,33080,0.2%
2022-10-29,1401-08-07,33050,-0.1%
2022-10-30,1401-08-08,33110,0.2%
2022-10-31,1401-08-09,33320,0.6%
2022-11-01,1401-08-10,33950,1.9%
2022-11-02,1401-08-11,34730,2.3%
2022-11-03,1401-08-12,35000,0.8%
2022-11-04,1401-08-13,35160,0.5%
2022-11-05,1401-08-14,36100,2.7%
2022-11-06,1401-08-15,36240,0.4%
2022-11-07,1401-08-16,36750,1.4%
2022-11-08,1401-08-17,36000,-2.0%
2022-11-09,1401-08-18,35650,-1.0%
2022-11-10,1401-08-19,35160,-1.4%
2022-11-11,1401-08-20,35260,0.3%
2022-11-12,1401-08-21,35080,-0.5%
2022-11-13,1401-08-22,35440,1.0%
2022-11-14,1401-08-23,35820,1.1%
2022-11-15,1401-08-24,35820,0.0%
2022-11-16,1401-08-25,35620,-0.6%
2022-11-17,1401-08-26,35370,-0.7%
2022-11-18,1401-08-27,35200,-0.5%
2022-11-19,1401-08-28,35450,0.7%
2022-11-20,1401-08-29,35340,-0.3%
2022-11-21,1401-08-30,35470,0.4%
2022-11-22,1401-09-01,35330,-0.4%
2022-11-23,1401-09-02,35250,-0.2%
2022-11-24,1401-09-03,35320,0.2%
2022-11-25,1401-09-04,35420,0.3%
2022-11-26,1401-09-05,35630,0.6%
2022-11-27,1401-09-06,35950,0.9%
2022-11-28,1401-09-07,36030,0.2%
2022-11-29,1401-09-08,35900,-0.4%
2022-11-30,1401-09-09,36170,0.8%
2022-12-01,1401-09-10,36260,0.2%
2022-12-02,1401-09-11,36230,-0.1%
2022-12-03,1401-09-12,36170,-0.2%
2022-12-04,1401-09-13,36370,0.6%
2022-12-05,1401-09-14,36350,-0.1%
2022-12-06,1401-09-15,36190,-0.4%
2022-12-07,1401-09-16,36300,0.3%
2022-12-08,1401-09-17,36450,0.4%
2022-12-09,1401-09-18,36730,0.8%
2022-12-10,1401-09-19,37020,0.8%
2022-12-11,1401-09-20,37410,1.1%
2022-12-12,1401-09-21,37950,1.4%
2022-12-13,1401-09-22,38590,1.7%
2022-12-14,1401-09-23,38290,-0.8%
2022-12-15,1401-09-24,38500,0.5%
2022-12-16,1401-09-25,38680,0.5%
2022-12-17,1401-09-26,39560,2.3%
2022-12-18,1401-09-27,39380,-0.5%
2022-12-19,1401-09-28,39670,0.7%
2022-12-20,1401-09-29,39160,-1.3%
2022-12-21,1401-09-30,39600,1.1%
2022-12-22,1401-10-01,40100,1.3%
2022-12-23,1401-10-02,40050,-0.1%
2022-12-24,1401-10-03,40580,1.3%
2022-12-25,1401-10-04,41000,1.0%
2022-12-26,1401-10-05,41520,1.3%
2022-12-27,1401-10-06,42200,1.6%
2022-12-28,1401-10-07,44000,4.3%
2022-12-29,1401-10-08,44000,0.0%
2022-12-30,1401-10-09,42000,-4.5%
2022-12-31,1401-10-10,39760,-5.3%
2023-01-01,1401-10-11,41000,3.1%
2023-01-02,1401-10-12,39950,-2.6%
2023-01-03,1401-10-13,40390,1.1%
2023-01-04,1401-10-14,39800,-1.5%
2023-01-05,1401-10-15,40020,0.6%
2023-01-06,1401-10-16,40170,0.4%
2023-01-07,1401-10-17,41400,3.1%
2023-01-08,1401-10-18,41100,-0.7%
2023-01-09,1401-10-19,40640,-1.1%
2023-01-10,1401-10-20,40820,0.4%
2023-01-11,1401-10-21,41100,0.7%
2023-01-12,1401-10-22,41190,0.2%
2023-01-13,1401-10-23,41200,0.0%
2023-01-14,1401-10-24,40900,-0.7%
2023-01-15,1401-10-25,41010,0.3%
2023-01-16,1401-10-26,41100,0.2%
2023-01-17,1401-10-27,41950,2.1%
2023-01-18,1401-10-28,43000,2.5%
2023-01-19,1401-10-29,43000,0.0%
2023-01-20,1401-10-30,43050,0.1%
2023-01-21,1401-11-01,44900,4.3%
2023-01-22,1401-11-02,45000,0.2%
2023-01-23,1401-11-03,44750,-0.6%
2023-01-24,1401-11-04,43550,-2.7%
2023-01-25,1401-11-05,43800,0.6%
2023-01-26,1401-11-06,44550,1.7%
2023-01-27,1401-11-07,44800,0.6%
2023-01-28,1401-11-08,43800,-2.2%
2023-01-29,1401-11-09,44700,2.1%
2023-01-30,1401-11-10,44320,-0.9%
2023-01-31,1401-11-11,44700,0.9%
2023-02-01,1401-11-12,44720,0.0%
2023-02-02,1401-11-13,45000,0.6%
2023-02-03,1401-11-14,44980,0.0%
2023-02-04,1401-11-15,44820,-0.4%
2023-02-05,1401-11-16,44790,-0.1%
2023-02-06,1401-11-17,44670,-0.3%
2023-02-07,1401-11-18,44300,-0.8%
2023-02-08,1401-11-19,44600,0.7%
2023-02-09,1401-11-20,45040,1.0%
2023-02-10,1401-11-21,45020,0.0%
2023-02-11,1401-11-22,45230,0.5%
2023-02-12,1401-11-23,46000,1.7%
2023-02-13,1401-11-24,45680,-0.7%
2023-02-14,1401-11-25,46150,1.0%
2023-02-15,1401-11-26,47200,2.3%
2023-02-16,1401-11-27,47650,1.0%
2023-02-17,1401-11-28,47680,0.1%
2023-02-18,1401-11-29,47670,0.0%
2023-02-19,1401-11-30,49000,2.8%
2023-02-20,1401-12-01,49900,1.8%
2023-02-21,1401-12-02,49800,-0.2%
2023-02-22,1401-12-03,51300,3.0%
2023-02-23,1401-12-04,52650,2.6%
2023-02-24,1401-12-05,54000,2.6%
2023-02-25,1401-12-06,57500,6.5%
2023-02-26,1401-12-07,58000,0.9%
2023-02-27,1401-12-08,58400,0.7%
2023-02-28,1401-12-09,55650,-4.7%
2023-03-01,1401-12-10,54050,-2.9%